variant,i160914,i161110,i161118,i161129,mean
A79T,1.37971593057948,0.965915012,0.929327097138142,1.48179006886288,1.18918702714513
C124S,1.28959112493171,1.24125033,1.06042822622065,1.77473482607396,1.34150112680658
D268E,1.54674959028449,0.974951995,1.10068494304069,1.76693971905898,1.34733156184604
P354Q,1.22254065638526,0.979772672,0.8502471183558,0.975193505297379,1.00693848800961
G129R,0.339862167500105,0.310450588,0.165289343178776,0.0866305985397898,0.225558174304668
G132D,0.190597554313569,0.254015842,0.11562360548628,0.0660449286058469,0.156570482601424
I101T,0.0702084296339875,0.166608371,0.0775012840050855,0.0602748415665847,0.0936482315514144
P38H,0.409978148506114,0.707159394,0.588029073243018,0.693435153614844,0.599650442340994
T167N,0.807393789133084,0.792810863,0.548687999393781,0.399496184789172,0.637097209079009
Y176C,0.688925074589234,0.880970226,0.903158652510335,0.627170644529701,0.775056149407318
Y180H,0.87658528385931,1.007871074,0.701369886081385,0.46282075523486,0.762161749793889
