,variant,Cum_score,MCF10A score,std_dev,std_err,AA position
0,K6E,1.623520219,0.3311,0.06072999999999999,0.03506,6
1,K6I,1.888279171,0.4544,0.04539,0.02621,6
2,R15S,2.581100784,0.387,0.05989,0.03458,15
3,P38H,4.783403086,0.3521,0.1032,0.059579999999999994,38
4,G44D,3.08033146,0.6232,0.02915,0.01683,44
5,A79T,-0.21613722300000002,0.5711,0.03582,0.02068,79
6,D92N,0.610590006,0.2677,0.07449,0.043,92
7,H93Q,0.091201798,0.3301,0.1138,0.06572,93
8,H93R,-0.03027781,0.39299999999999996,0.1008,0.0582,93
9,I101T,3.1086213369999998,0.7138,0.29600000000000004,0.1709,101
10,I101F,2.380877332,0.8803,0.07377,0.042589999999999996,101
11,N117S,-0.24090128800000002,0.4916,0.047330000000000004,0.02732,117
12,H123Q,1.32074253,0.9934,0.2361,0.1363,123
13,H123Y,4.544401444,0.6383,0.03563,0.020569999999999998,123
14,C124S,4.895642908999999,0.8797,0.08238,0.047560000000000005,124
15,C124R,4.451413313,0.6986,0.06995,0.040389999999999995,124
16,A126D,1.027466629,0.5325,0.04679,0.027010000000000003,126
17,G127R,2.233006121,0.9753,0.06602999999999999,0.03812,127
18,G129R,1.477588499,0.8214,0.08842,0.05105,129
19,G129E,5.409763516,0.8841,0.09365,0.05407000000000001,129
20,R130P,3.1534313380000003,0.9134,0.4437,0.2562,130
21,R130Q,2.04016411,0.5361,0.1276,0.07367,130
22,R130L,3.098140476,0.4728,0.06297,0.03636,130
23,T131I,1.91132903,0.4788,0.04742,0.02738,131
24,G132D,3.361888951,0.6304,0.2993,0.1728,132
25,V133I,1.439347097,1.0270000000000001,0.2837,0.1638,133
26,M134I,1.711118421,0.6386,0.06089,0.035160000000000004,134
27,I135V,0.073569185,0.379,0.192,0.1108,135
28,Y138L,0.304426787,0.5535,0.1449,0.08363999999999999,138
29,R142W,-0.454450344,0.5259,0.06969,0.04024,142
30,Y155C,2.26881194,0.5901,0.1027,0.05927,155
31,T167N,0.330359334,0.5664,0.1029,0.05944,167
32,Q171E,2.309708253,0.3313,0.01987,0.011470000000000001,171
33,R173H,1.338165727,0.2672,0.1027,0.05927,173
34,Y176C,1.291488163,0.5603,0.09577000000000001,0.05529,176
35,Y180H,-0.336044756,0.1171,0.05504,0.03178,180
36,M198I,0.24233202899999998,0.1821,0.02985,0.017230000000000002,198
37,N228S,0.382340099,0.1243,0.04063,0.023459999999999998,228
38,T232A,0.087481652,0.4495,0.0722,0.04168,232
39,P246L,1.62165261,0.6162,0.07082000000000001,0.040889999999999996,246
40,N262S,0.20800464600000002,0.1021,0.03361,0.01941,262
41,D268E,-0.225343297,0.10800000000000001,0.2541,0.1467,268
42,D326N,0.9291510609999999,0.7214,0.2095,0.1209,326
43,K342N,1.908295205,1.072,0.09012,0.05202999999999999,342
44,P354Q,-0.09106094599999999,0.1768,0.1824,0.1053,354
45,T382S,1.012025793,0.6353,0.09328,0.053860000000000005,382
